<DeviceMapping>
	<Version CurDocVer="2" MinParVer="2"/>
	<Device
			TransferDll="tr_Smart1.Dll"
			TransferInterface="SmartTransfer"
			ProSave="Smart700_IEV3"
			ProSaveBaseName="Smart 700 IE V3"
			RTCV_Major="_#3"
			RTCV_Minor="_#0"
			RTCV_ServicePack="_#0"
			RTCV_HotFix="_#0"
			PRCV_Major="_#3"
			PRCV_Minor="_#0"
			PRCV_ServicePack="_#0"
			PRCV_HotFix="_#0"
			RTReleaseNumber_Major="_#3"
			RTReleaseNumber_Minor="_#0"
			RTReleaseNumber_ServicePack="_#0"
			RTReleaseNumber_HotFix="_#0"
			ImageReleaseNumber_Major="_#3"
			ImageReleaseNumber_Minor="_#0"
			ImageReleaseNumber_ServicePack="_#0"
			ImageReleaseNumber_HotFix="_#0"
			DeviceOrientation="_#0"
	/>
	<FileAttributes>
		<Default Compression="_#0x00000000" FlashHeaderRequired="false" ImageType="_#0x00000000" ImageAttributes="_#0x00000000" DoNotRelocateAddresses="true" /> 
		<ConfigData ImageType="_#0x00000000" Compression="_#0x0000" Destination="@CFG" DoNotConvertThisFile="false" FlashHeaderRequired="true" ImageAttributes="_#0x0000" MemoryMappingOnDevice="false" /> 
		<PasswordList Compression="_#0x00000000" FlashHeaderRequired="false" ImageType="_#0x00000000" ImageAttributes="_#0x00000000" Destination="PASS" /> 
		<LoadableModule Destination="@PL0" Compression="_#0x00000000" FlashHeaderRequired="false" ImageType="_#0x00000000" ImageAttributes="_#0x00000000" DoNotRelocateAddresses="true" /> 
    </FileAttributes>
    <FileNames>
	    <LoadableModule>
			<AllenBradleyDf1 LoadableModuleName="comm_abdf1.plm" /> 
			<ModiconModbusSerial LoadableModuleName="comm_mbser.plm" /> 
			<S7MpiProfibus LoadableModuleName="comm_s7.plm" /> 
		</LoadableModule>
	</FileNames>
	<ProsSave>
		<device
			Section="Smart 700 IE V3"
			transfername="Smart700_IEV3"
			imagename="Smart700IEV3"
			imagefolder="Smart700IEV3"
			SmaRTChinesePanel = "1"

			devicelink="4"
			
			HWInfoName="Smart 700 IE V3"

			cmdIdCapability_0x00000001="" 
			cmdIdCapability_0x00000002="FULL_BACKUP RECIPE PASSWORD"
			cmdIdCapability_0x00000004="FULL_BACKUP RECIPE PASSWORD"
            OsUpdateBootloaderTransferChannels="Ethernet"
			cmdidsupported="0xFFFFFFF7"
			
			sectiontype="1"
			category="6"/>

		
		<GLOBAL
			Caption="SIMATIC"
			date="90-01-00"
			Section="GLOBAL"
			sectiontype="0"
			subsystem="ps_osupdate_BasicPlus.dll,ps_backuprestore_BasicPlus.dll"/>
	</ProsSave>

	<FunctionMapping>
		<GenerateImage>
			<Datastore ImageName="Smart700IEV3_V3_00_00_00.fwf"/>
		</GenerateImage>
	</FunctionMapping>
	
	<AdditionalTransferFilesPacknGo>
	<File Dll="ScsClient.dll"/>
	<File Dll="StreamingFileTransfer.dll"/>
    <File Dll="expat.dll"/>    
	</AdditionalTransferFilesPacknGo>

</DeviceMapping>
